start	end	text
0	19000	¿Qué vamos a ver hoy?
19000	24000	¿Qué es?
24000	33720	La idea es como una clase de invitada dentro del curso de introsión al
33720	40360	presentamiento del lenguaje natural, dar algo de el tema de recuperación de
40360	46000	información, pero si uno piensa, en recuperación de información ya se
46000	49400	enseguida de una sociedad Google, Google, Google o vamos a ver, no vamos a
49400	55200	ver eso. Vamos a ver los inicios de la recuperación de información,
55200	60800	cuando todavía internez no la tal, estamos hablando de la década de
60800	66080	ese del 60, cuando empezaron a aparecer los primeros sistemas o cuál
66080	72560	eran los modelos o cuál eran los criterios para construir un sistema de
72560	78560	recuperación de documentos de información, donde vamos a
78560	82760	comentando la filosofía totalmente distinta a lo que hoy es la
82760	92160	web. Entonces, el sistema de recuperación de información con la
92160	97120	decida, en general se habla de un dominio acotado, un dominio conocido y uno
97120	102960	lo que trata de hacer es tratar de recuperar la mayor cantidad de documentos o
102960	109920	de información que exista en esa base documental vinculado a la
109920	116080	necesidad y digamos de usuario. Entonces, estas son algunas las preguntas que
116080	120560	no se hace, ¿no? ¿Cómo podemos recuperar información relevante para
120560	125160	nosotros contenida en esos documentos en esa colección de documentos? ¿Qué
125160	129520	cosas tendrían que ser representativas? ¿Qué es lo que va a identificar un
129520	134360	documento de otro? ¿Cómo se van a representarlos documentos? ¿Cómo vamos a representarlas
134360	141440	consultas? Si importa la estructura que tenga el documento o solamente el
141440	144960	contenido, en fin, ¿y cuál y cuál la se la relevancia social ha
144960	149440	sacado documento? Esto es un tema bien importante porque uno
149440	154400	inevitablemente, cuando voy a estar hablando, hace su, su paralelismo a la web.
154400	160240	Entonces, hoy vemos, hacemos una consulta en la web, en internet y siempre aparece
160240	166400	un orden de alguna manera, el tipo ordena, según algún criterio. Entonces, en
166400	169960	aquí, en estamos hablando de los primeros sistemas de recuperación de
169960	174120	documentos, de base de datos documentales, el tema de la relevancia era muy
174120	178080	importante y cuál sea en los criterios y cómo se medía esa relevancia era
178080	181880	sumamente clave en los modelos, en los primeros modelos teóricos, y bueno,
181880	186240	y que después aplicaron los primeros sistemas de gestión documental.
186240	193320	Entonces, bueno, nada, una breve agenda, primero, introducir al tema, vamos a hablar
193320	198960	de los modelos de los modelos de los modelos de información retro rival,
198960	205160	cómo se cuáles son las medidas para evaluar la recuperación, y después muy
205160	211840	por arriba, esta hablar algo de indexación, que es clear, esto obviamente por lo
211840	217240	menos mencionar lo que sería recuperación de información en la web, y después se
217240	220800	dotemos interesante que es el tema de frección de información, que de alguna manera
220800	227040	es como un arma no menor de la recuperación de información.
227040	233440	Entonces, vamos a empezar a contextualizar tres preguntas distintas, primero,
233440	238360	digamos, que es el concepto de información, luego que es un sistema de información
238360	245400	para después llegar al concepto de que recuperación de información.
245400	254840	Acá yo, ya lo tenemos, ya lo venimos manejando, más que nada para contextualizar,
254840	260560	este es un par de definiciones que me parecieron interesantes, de la relea de academia y
260560	265760	la otra, la saque de Wikipedia. Comunicación o adquisición de conocimientos que permiten
265760	271160	ampliar o precisar los que ya se poseen, eso ya tengo determinada idea sobre algo
271160	276760	y busco a aumentar esa, esa idea sobre determinados conceptos, o bueno,
276760	280880	un conjunto organizado de datos procesados que constituyen un mensaje que cambia el
280880	284760	estado de conocimiento del sujeto o de lo que ya conocíamos.
284760	289400	Son como distintas, pero pero orientadas a lo mismo, a tratar de profundizar o de aumentar
289400	293520	la capacidad de conocimiento sobre determinado aspecto.
293520	298960	Entonces, sobre esa base, un sistema de información también hay un par de definiciones
298960	304680	de dos sitios, conjunto de funciones, o componente relacionados que forman un todo,
304680	310240	al máscena, procesa, distribuibles, en fin, o un conjunto organizado de elementos que
310240	315600	pueden ser personas, datos, o sea, no es social o directamente al tecnología,
315600	322080	un sistema de formación es algo que va mucho más allá de el concepto de tecnología.
322080	329160	Entonces, cualidad de un sistema de información debe ser preciso o sea la información
329160	339360	que contenga debe estar clara y contundente de lo que se pretende representar.
339600	347040	Hay un tema de oportunidad, que tiene que ver con el momento en que sucede un determinado
347040	354160	hecho y el momento en que ese documento que refleja a ese hecho expuesto a disposición
354160	361880	del sistema, otra cualidad es el hecho de sea completo, si bien la completitud absoluta
361880	368040	no existe. Bueno, la idea es que cuando yo recuperé un sistema trate de recuperar
368040	375000	absolutamente todo lo relevante que a mi miteresa contenido en el sistema, ya que no me
375000	380360	queden cosas por recuperar vinculados a lo que yo quiero.
380360	386280	Lo que tenga contenido semátrico, que la información se acuerente, o sea, en tema de integridad
386280	396920	de la información, y bueno, los aspectos de seguridad que no se pierdan veamos con el tiempo.
396920	402760	Hay algunos ejemplos, a casi uno ya orientado a sistemas de información pensando en
402760	410640	tecnología, bueno, son los sistemas transaccionales, hay cualquiera de lo que va a
410640	418680	repéar, a un sistema de gestión de archíos, soporte a partir de ahí, uno genera un montón
418680	423600	de información. Entonces, esa información existe en otros tipos de sistemas que serían los
423600	428960	sistemas separatos más decisiones basados en la trawerja, hubo etcétera, se pensamos al día de
428960	435120	hoy, o los sistemas basados en conocimiento, que a gran derrago podemos en un mercado como
435120	440120	sistema se expertos. Entonces, son simplemente algunos ejemplos, no, que se basan en grandes
440120	449160	bases de conocimiento. Entonces, podemos clasificarlo en dos tipos, a veces hablamos de sistemas
449160	456160	de base datos o de gestión de bases de datos, de gestión de datos, o sistemas de recuperación
456160	462240	de información. Pues un poco lo que yo quiero tratar de mostrar la diferencia entre datos
462240	464720	e información.
464720	470380	Nada, nada, de finición para fijar ideas, un sistema de gestión de base
470380	475040	datos, bueno, soguera dedicado a servir de índemfas entre la base datos y el usuario y
475040	479120	las aplicaciones tiene un lenguaje de definición de datos y un lenguaje de consulta,
479120	482160	etcétera.
482160	491120	Yendo a recuperación de información, también un par de definiciones, la básica de Wikipedia,
491120	496160	asciencia de la búsqueda de información en documentos, la búsqueda de documentos, de metadatos
496160	504380	que describan esos documentos, e fin, me interesa porque rescataba la definición
504380	510460	de salton, porque salton es un poco considerado el Padre de la recuperación de información,
510460	517020	disciplina encargar a la representación por parte contextualiza bien el concepto. De la representación
517020	523260	en el almacenamiento, la organización y su posterior acceso y recuperación de esa información.
523260	531340	Entonces, en los sistemas de recuperación de información, el objetivo es muy simple, tengo un conjunto
531340	539540	de documentos, tengo un usuario con una cierta quiera investigar o quiera averiguar algo
539540	545980	sobre determinado tema y sísto. Estamos pensando en conjuntos en la huevo que se
545980	553020	te rojellen, sino en un conjunto de documentos o mojellos, y bueno, nada, ayudarse de herramientas
553100	562780	tecnológicas. Entonces, lo que decía recién, distingamos lo que es recuperar datos de recuperar
562780	569580	información. Yo decíamos en un sistema de debase de datos, yo tengo un lenguaje de manipulación,
569580	576580	por ejemplo, en ese cuel, que busca Padrón, valor de una tabla que se llama Padrón,
576580	582020	es que tengan mayores atalvalor. En los sistemas de base datos, yo sé exactamente lo que
582020	592020	quiero y tengo o debería de tener el conocimiento, el usuario, el conocimiento para precisar
592020	603380	exactamente el tipo de datos que quieres traer. Cuando yo forvulo una consulta en recuperación
603380	608420	información, quiero saber sobre equipos orgullos clasificados a las copas internacionales en la última
608420	618540	década. ¿Qué matrera eso? ¿Qué me debería traer?
618540	630580	¿Qué me debería traer? Si. ¿De qué? Me va a traer de las copes del negocio equipos de
630580	639820	fútbol, no estoy en decir la consulta. Es bien distinta, cuando yo conozco la tabla, la estructura,
639820	646540	mientras en el otro lado es si yo no lo soy lo suficientemente preciso para expresar lo que
646540	651340	yo necesito, el tipo lo sabe, y me va a recuperar todo lo que hable de lo que estoy diciendo
651340	661780	ahí. Bueno, claro, pero si yo sobre lo mismo no deseamos, bueno, no lo mismo, no lo mismo,
661780	665700	lo mismo, lo mismo, lo mismo, lo que lo hubiera, yo voy a decir el dominio deportivo. Entonces acá
665700	674580	tenemos el teléfel, el problema, esencialmente eso. Entonces un cuadrito que de alguna manera
674580	684300	muestra un esquema de diferencia entre los dos, entre los dos grandes sistemas, en el
684300	690420	base de datos estamos pensando en un modelo, esencialmente de tal, los modelos relacionales,
690420	695900	donde los objetos son cablas, son modelos estructurados, acá en los sistemas de recuperación,
695900	704020	son documentos, texto, no es estructurado, la operación básica, la misma, es recuperación,
704020	708420	alguna manera lo que decía por así, es determinista, en ese tío de yo se lec, padrón y valor,
708420	715060	voy directamente al campo que quiero recuperar, en el otro lado, concerto, tu se proveelístico,
715060	721780	con cierto grado de ser tesa, me va a devolver, capaz que lo que quiero, más alguna otra cosa
721780	729580	que tendré que ver cómo lo filtro, etcétera. Está las consultas son un vanviguas y bueno,
729580	735580	en lo que debíamos recién, al utilizar lenguaje natural, en el sistema de recuperación
735580	745780	de información, la consulta puede ser ambiguas, y bueno, la base, lo mismo, ¿no? Y
745780	752020	esta es que mita de alguna manera plantea muy a grandes rajos lo que es todo el proceso de
752020	760060	un sistema de información retribal, tengo los usuarios y por un lado tengo la base documentos.
760060	768900	En cualquier dos dos casos se realizan procedimientos por el cual el usuario se realizan
768900	775740	determinado tipo de operaciones sobre las consultas, antes de largar la búsqueda, después
775740	779260	vamos a profundizar un poquito más, pero por ejemplo, cosas que seguramente ya han estado
779260	785540	viendo en el curso, si empezamos en el ejemplo que teníamos recién, de quiero, lo sé
785540	790580	aquí, porque si yo, el quiero, no lo voy a considerar, los artículos, no lo voy a considerar,
790580	796180	es decir, tendré que operar, ver de qué manera representa, yo las consultas, antes de
796180	805020	largar la búsqueda, por otro lado lo mismo con los textos, es decir, yo tendría que tener
805100	810340	un criterio por el cual voy a representar esos textos de mi base documental, o sea que
810340	815740	voy a tener que manipular esos textos y hacer ciertas operaciones hasta indicar, y eso es
815740	823700	lo que yo busco, objetos dentro de una base, concerto y se voy a decir porque algo
823700	829580	de índice vamos a hablar, lo ideal es que esos documentos me lo sorden de alguna manera en
829580	835300	función de cierto rancin, cierto grado de relevancia, y ahí en la primera evaluación
835300	841660	de los resultados, dependiendo del modelo que uno tenga, esos resultados se tiran de una
841660	846540	usuario, o podría eventualmente hacer una retroalimentación y o agregar más términos
846540	852660	de búsqueda o reformular la consulta, con lo cual el sistema vuelve a, o sea lo
852660	858180	representar los usuarios o vuelve a largar una nueva búsqueda, pero conceptualmente se
858180	871020	se les quema generico de este tipo de sistemas, bien, empezamos a ver algunos de los problemas,
871020	875620	qué información sobre las batallas de la segunda guerra mundial que no se liberó en Europa,
875620	882060	entonces mi mamá que siempre la usamos a los ejemplos, a la madre de uno, el procedimiento
882060	886220	de mi madre, cuando si, si esto, y yo le digo, tienes que les explico lo que son los
886220	890460	estos buores y que se yo, y esta tiene que ser calas, ella va a poner, y bueno, lo que
890460	895500	tengo con eso no son sustantivos, no, claro, batalla segunda guerra mundial de Europa,
895500	905380	es correcto esto, claro, el procedimiento y de digo parece ser razonable, es decir,
905380	911300	yo largo esto es una consulta con las palabras clave, por decirlo alguna manera o los términos
911300	916820	en donde podrían llegar a estar ese informa los documentos de esa información, sin embargo
916820	920620	tengo que manejar el concepto, por ejemplo, de la negación que justamente no son la que
920620	929500	se llegaron en Europa, quiero las otras, entonces no es tan directo cuando uno quiere expresar
929500	934300	una consulta, pues esas operaciones que decíamos recién hoy, que hay que hacer cosas
934300	944620	sobre las consultas, ¿no? Entonces, lo básico en información y información es muy simple,
944620	951660	dado un conjunto de palabras, la consulta encontrar esas palabras en un documento, de alguna manera
951660	957660	y de volver los documentos, en los documentos y corresponde y en algún orden.
957660	969660	La simántica del texto y la consulta se representan por un conjunto de términos, y bueno,
969660	976260	hay uno de los problemas que ya seguramente ustedes están imaginando, hay mucha forma de decirlo
976260	984980	mismo, un mismo término puede tener distintos significados en diferentes contextos, hasta ahora
984980	989900	por ahí estamos poniendo términos, se estamos hablando de identificar a los textos y a la consulta,
989900	997460	exclusivamente por el término, cuando tenemos términos con más de un significado, podemos
997460	1001820	llegar a tener problema, sino es preso de alguna otra forma en el dominio, ¿no?
1001820	1009300	A mi que hablar de Apple o Banco, yo que se hay términos, con más un significado en contextos
1009300	1015620	distintos y después el otro tema es el predecir cuáles son más relevantes, cuáles
1015620	1022300	como como va mi sistema a decir este documento es más importante que este otro.
1025300	1032660	Entonces, yo tengo como dos grandes aspectos a tener en cuenta, por un lado elegir un modelo de
1032660	1036060	representación, como decíamos de las consultas y de los documentos y la base de documentos y la
1036060	1046220	base de documentos, y por otro lado, diseñar algoritmos lo suficientemente, esficientes para
1046220	1054060	que me devuelvan esos documentos en un orden aceptable, muy importante para mí.
1054060	1069180	¿Sentendió? Sí, bien. Entonces, vamos a empezar a hablar de los modelos. Para definiciones
1069180	1074300	bastante abstractas del concepto de modelo, la extracción de un proceso real o un esquema de
1074300	1080140	un sistema realidad compleja que se elabora para facilitar su comprensión y estudio comportamiento.
1080140	1088740	Es decir, es un definición conceptualmente de lo que es un modelo. Ahora, un modelo en los sistemas de
1088740	1096340	recuperación de información, yo los puedo especificar como esa acuadrupla que está ahí, donde yo tengo.
1096340	1101180	¿De qué es un conjunto de representaciones lógicas de los documentos? Sí, de todos los documentos como
1101180	1106380	lo voy a representar. Mi base documental, cuque es el conjunto de representaciones lógicas que
1106380	1112100	modelan las consultas que yo voy a poder hacer. Pensemos que yo podría tener una, así como
1112100	1117740	tengo una base de documentos, yo podría tener préstablecidos, un conjunto de consultas también.
1117740	1123420	Es decir, es un esquema operacional que especifica las representaciones de los documentos
1123420	1128220	y de las consultas. Ahí tendríamos que ver cómo, ¿cuáles son las operaciones que
1128220	1137340	yo voy a tener tanto en los documentos como en las consultas? Y la herra en las funciones
1137340	1144780	de arranquín, que yo les decía, que value de alguna manera esa relación que existen,
1144780	1152540	la consulta cu su vi, del conjunto cubo de consultas, vinculado al documento de subcota del conjunto
1152540	1157780	de documentos. Se la función de ranking. Y eso es importante, porque
1157780	1167300	los sistemas de cómo se recuperan la información. Tiene mucho que ver, tiene, yo
1167300	1175180	índice, también me vuelvo a la web, ¿no? Pero por ahí, capaz que para mí los documentos
1175180	1180140	me lo devuelve de terminar a manera y está bien, pero para vos no. O sea, hay todo un tema
1180140	1187380	y de cuál es la mejor función o el concepto de relevancia, no es una definición muy exacta,
1187380	1193860	muy precisa y siempre hay cierto grado de alguna manera de su gestividad en ese tema.
1193860	1203300	Entonces, nosotros vamos a hablar básicamente de los modelos de los clásicos,
1203300	1211500	el buliano y el vectorial. Vamos a mencionar algo del probabilístico y después hubieron algunos
1211500	1218940	intentos de mejorar tanto el modelo vectorial como el modelo probabilístico, que son
1218940	1229940	utilizar redes neuronales y redes redes vayecianas que tienen que, ambos son mejoras,
1229940	1236100	en algún sentido del modelo vectorial, tanto las neuronales como las redes vayecianas. Y
1236100	1243740	el LSAI es como una extensión del modelo probabilístico, no arrojaron buenos resultados y medio
1243740	1251140	como que se descontinuaron. Si hoy se usan las redes neuronales y las redes vayecianas para
1251140	1258580	otras cosas, pero no para como extensiones de estos modelos.
1258620	1267820	Bien, entonces, modelo buliano. El documento se representa básicamente como un conjunto
1267820	1277260	de términos, en general, uno es los términos que lige para representar a los documentos
1277260	1283340	son sustantivos. Entonces, el concepto que seamos recién, deciendo el documento,
1283340	1288420	va a ser relevante o no, en este modelo es si está el término, el elevante, si no está
1288420	1297260	no lo es. El buliano, sí o no, 01, estábamos, está. La regla que rige al modelo
1297260	1307980	buliano es vocabulario similar, el contenido es similar. Si yo tengo un documento que tiene
1307980	1314380	determinados términos que lo identifican, si tengo dos documentos que tienen los mismos
1314380	1323580	términos, el contenido es similar. Y ya se las tilos para que la tenga pensando, si eso
1323580	1328980	no me cuáxiano, me puede llegar a ocasionar problemas.
1328980	1338220	El problema que comentábamos es un rato, si yo tengo utilizo el concepto, yo que se
1338220	1345700	banco, también el banco para como término de identificación, para mis documentos,
1345700	1350340	bueno, en un contexto banco va a ser el banco de plaza y en otro contexto banco va a
1350340	1359580	saber el banco del sistema económico. Ya me estoy adelantando a uno de los problemas
1359580	1370020	obviamente que tienen el modelo buliano. Y se utiliza los operadores clásicos. Entonces,
1370020	1375240	el modelo lo que hace es solucionar eso, el problema que te llamaba va a tocar, yo
1375240	1381200	le explico y le olvidaba, va a tener una forma de expresar las consultas, vas a tener que
1381200	1387560	hacer una especie de análisis del texto S antes de largar la consulta al sistema. Entonces,
1387560	1393840	ahí va a tener que interpretar lo de que no fueron en Europa. Además de poder utilizar,
1393840	1403800	por ejemplo, si puse ahí puse batallas y combates, como termino similares. Si yo no tengo herramientas
1403800	1409640	que me ayuden a el sistema de decir herramientas a lo que yo lo aga tendría que poner con
1409640	1414760	ors todos los distintos sinónimos. Me expreso, me expreso, me explicó.
1418760	1426320	Bien, acá, simplemente ejemplo, yo tengo el documento para ver un poco la idea, tengo el documento
1426320	1432000	uno que dice el jardín, hay plantas y flores todo el año, a mi mamá, no, a mi
1432000	1438200	documento dos, le gusta que le regalen flores y bombones. Entonces, como les diamos, los términos
1438200	1444600	que se eligen para identificar al documento en general son los sustantivos, con lo cual
1444600	1451120	son los términos en esta colección de documento formado por estos dos, harían jardín, plantas,
1451120	1460400	flores, a año, mamá, bombones. Entonces, decíamos que los documentos lo hicimos
1460400	1465480	a identificar por los términos si estaba o no estaba presente en el documento, si está
1465480	1470400	ponemos unos y no está con un cero. Entonces, el documento uno me quedaría uno, uno, uno,
1470400	1478040	uno, cero, asociado a cada uno de estos términos y está en el documento dos, cero,
1478040	1487400	uno, cero, uno, uno. Si la consulta es, yo quiero flores o plantas y mamá me va a
1487400	1492840	devolver el documento dos, pero si expresos plantas y jardín, entonces me va a devolver el documento
1492840	1508400	uno. No, un ejemplo de cómo sería la la la asociación de documentos y consultas. Bueno, críticas.
1508400	1519920	Al principio, cuando yo hablaba daba esa introducción, hablé el concepto de relevancia,
1519920	1524800	y en lo que hemos estado viendo del modelo bulgano, claramente vemos que lo primero que
1524800	1535920	marco ahí es, yo no hablo de más o menos relevante, porque fíjense que el segundo
1535920	1541360	que es diferente, si un documento contenga, uno se empieza en la palabra de la consulta. Además, si yo,
1541360	1547640	en el mismo documento aparece tres o cuatro veces, la misma palabra, yo ya ponés solamente uno,
1547640	1555240	o sea, no se le da mayor peso en función de la cantidad de ocurrencias de la palabra dentro del documento.
1555240	1567720	Dá lo mismo que se cumpla una o todas las cláusulas en el caso de unor. Ahora lo vemos
1567720	1576240	con el ejemplo ahí. Y no considera el casi, ¿qué quiere decir? Yo, por ejemplo, fíjense
1576240	1581600	el ejemplo acá, quieren vestigar sobre los charrubas y lo guaranías. ¿Cuál sería la
1581600	1594160	consulta? Claro, intuitivamente la consulta charrubas y guaranías. ¿Qué podría llegar a pasar?
1594160	1603400	Exacto. Si yo pongo charrubas, an guaranías, me tiene que cumplir las dos, hablé de los dos.
1603400	1607960	Ahora yo puedo tener un documento que me hable de la historia de los charrubas y que sea super
1608040	1613280	la palabra y me interesaría porque yo quiero charrubas y de lo guaranías, un documento
1613280	1618360	que hable exclusivamente de los charrubas, me sirve. Entonces, tiene ese tema lo que hablábamos
1618360	1626200	hoy, el casi, lo que hace es mi obliga que ha le exactamente de los dos. Entonces, aquello
1626200	1634160	de lo intuitivo tal vez lo ideal sería usar unor. ¿Y cómo conocemos? No, no es
1634160	1647280	intuitivo para la misma. A favor de las primeras ideas que aún se lo ocurren fue adoptado
1647280	1652960	de hecho por los primeros sistemas de recuperación bibliográficos y bueno, como hemos visto,
1652960	1656360	es muy simple de formalizar.
1657280	1665440	Y, mediatamente, llevense al día de hoy, año 2016, aplicar esto en lo que sería internet.
1673880	1678760	Bueno, es que los sistemas de bibliotecas se basan en estas cosas.
1678760	1683400	Los sistemas de bibliotecas de gestión de documentos de las bibliotecas se basan en estas cosas.
1683600	1687600	Sí, sí. Y tiene ese, esa dificultad, todo así, recuerda.
1690600	1697600	Se entendió el modelo voliano. Después apareció una extensión del modelo voliano, les
1697600	1706080	llamaron modelo voliano extendido, que le agregaba alguno perador más, agregaba el, lo
1706280	1714120	tenia que ver con la, agregaban un operador de proximidad de las palabras, o sea, consideraba
1714120	1719400	si este estaba cerca de este, agregando, agregaban más cosas, aparte de las operadores
1719400	1725000	volianos, agregaban un operador de proximidad, pero nada, fracazó con total éxito.
1725000	1738400	Muy bien, modelo vetorial. Muchos dicen, chop, de lo que estudió, me incluyo en esa, en esa
1738400	1744960	barra, que saltó en el padre, por decirlo, alguna manera de los sistemas de informa y
1744960	1752280	yo en retribual. Con su, el modelo vetorial es el clásico en los sistemas de recuperación
1752280	1762280	de información, el generó un sistema de llamados Mark, Mark, ¿qué les sugienen?
1762280	1769520	Claro, sí, pero no, claro, porque ahora está muy de modo de Mark, Mark sí, no, no tiene
1769520	1779920	nada que ver, es martes, system, system, for de mecánical, análisis, for retrieval, texto.
1780880	1788360	Ya, ese era Mark, se siente, claro, en el fin de los 60, no ha estado como con los conceptos
1788360	1794640	de hoy. Bien, el sistema Mark, se selecciona un conjunto de palabras o términos útiles
1794640	1800360	para discriminar, eso es lo mismo que veníamos manejando hoy, lo que le agriga es el concepto
1800360	1811280	de grado de similitud entre consultas y documentos. Ahora vamos a hablar sobre eso, que
1811280	1817480	alguna manera lo que hace es expresar la relación entre cada documento de su video, de una
1817480	1824560	colección de ene documentos, con el conjunto de los cáterminos elegidos para indexar.
1824880	1835000	Yo el hijo, en ejemplo de Juliano, el tipo agarraba todos los sustantivos de todo los
1835000	1845760	documentos y ya o ponía 1,0,1,0 para el documento. Estuvieron los tuviera, acá el tipo
1845760	1854400	dice, para no vamos a tomar las 300, 22 sustantivos que hay, vamos a elegirca y sobre
1854400	1860080	esos cá que hay que haber cual eso son, sobre esos cá, es que vamos a representar a los
1860080	1870160	documentos. Bien, los documentos y las consultas, entonces son victores de una espaciel
1870160	1874880	y l'dimensional, de su húnote, de su casa, de conjunto de términos, de su húnote, de su
1874880	1882280	húnote, de documentos, de su espaciel de l'dimensional. Entonces, un documento de su jota,
1882280	1891120	se modela como un vector, doble vez un jota, doble vez un jota, doble vez un cajota, donde
1891120	1899320	acá da término ahí, en un documento de su jota, se le asigna un peso, doble vez un jota,
1899320	1909040	o sea, el día entre un ycano. Fíjese que el tema va a ser, bueno, en cómo asigno
1909040	1918680	los pesos, el volviano que era lo que hacía, ¿eh? Estaba lo está, el peso era 1,0, acá
1918680	1925160	el tipo lo que propone es una forma distinta de ver el término si es relevante o
1925160	1934000	no dentro del documento. Entonces, lo clave, o una de las claves fuertes del modelo
1934000	1941920	vectorial es el tema la asignación de pesos. Bien, algunas definiciones de feí es la cantidad
1941920	1950440	de documentos que contienen ahí y por otro lado definimos y de feí que es la frecuencia
1950440	1957280	inversa del término ahí, a un poco más que nada para solutó términos de atenuar
1957280	1962600	la cantidad de veces que aparece a un término dentro de los documentos.
1962600	1970440	Entonces, es de fe la cantidad de documentos que contienen ahí, eí de fe es la frecuencia
1970440	1975600	inversa. Es que en plito, estamos hablando ahora en los documentos y las consultas
1975600	1987360	son vectores. Su ponganse que el documento 1, los pesos son 2, 3, 5, se ha estado representado
1987360	1996800	por la ternada 2, 3, 5, el documento 2, 3, 7, 1 y la consultas cu 0, 12.
1997760	2012160	Elegia eso, en 3 y mencioné, me animaba hacer el dibujito, ¿no? Un dato que sí podemos inferir
2012160	2017040	o usted seguramente se animen a inferir de la consulta 2 con respecto a los términos
2017040	2024320	que estoy utilizando, que significa qué seguro va a significar el 0 y el 0. ¿Qué significa
2024320	2034040	el 0, 0, 0 en la consulta? ¿Qué es eso? En esta consulta cu, esos 2 primeros términos
2034040	2039960	no se estoy utilizando. O sea que en realidad esta consulta, la expreso como un vector también
2039960	2045040	porque la consulta se expresa sobre los mismos términos en que se indexa los documentos
2045040	2049280	que se ligen para representar los documentos. Entonces, lo que estoy queriendo decir ahí es
2049280	2056560	que la consulta cu solamente contiene el término 3, el tercer término.
2056560	2061280	Lo que me falta ahora es, tengo los documentos y tengo alguna manera así en el
2061280	2067520	los pesos eso que están ahí, lo que tengo que ver es, cuál documento es el más parecido
2067520	2073160	a cu, cuál es el de los dos, cuál es el que me debería devolver el sistema por lo menos
2073160	2088120	este primero. Entonces, los términos más frecuentes en un documento serían mejores indicadores
2088120	2093760	del tema del documento, eso son bastante razonable, se documento que hable muchas veces
2093760	2104680	de determinada cosa, es ese término de ser pesado y adentro. Pero, por otro lado,
2104680	2110160	si hay un término que aparece en muchos documentos distintos por ahí no me sirve, porque si
2110160	2117520	todos hablan el hijo un término y todos hablan de lo mismo, voy a tener poca forma de diferenciarlos.
2117520	2128220	Entonces, ese capaque no lo he dicho. Habíamos definido y de F, E, E, E, E, F. Acá definimos F
2128220	2135280	y jota, cantidad ocurrencias del término y en el documento jota y definimos el concepto
2135280	2143700	de T, F, T, F y jota como la cantidad ocurrencia del término y en el documento jota
2143780	2153340	dividido el max de F y jota, eso para que lo hacemos. E, para normalizar, exact, para
2153340	2160620	justamente el tema de que tengan muchos elementos de alguna manera atenuamos justamente
2160620	2168820	el crecimiento del valor del valor E. Bien, existen varias formas las para signar los
2168820	2174540	pesos, la primera aproximación, la misma que sea el modelo ulliano, el tipo de tono
2174540	2180180	está, como uno un cero, se aparece el término y en el documento jota, el valor del
2180180	2186060	leve su hijo estaba ser uno y en caso contrario, eso es la primera aproximación, tenemos
2186060	2191660	un vector y ponemos uno cero. El término y pueda aparecer más de una vez en el mismo documento
2191660	2197860	de jota o puede considerarse como más significativo que otra. Entonces, el doble vez su
2197860	2202620	hijo ta es un poquito más sofisticado, porque queremos introducirles justamente todo esto
2202620	2212660	que estamos diciendo. Entonces, un indicador típico de la importancia en un esquema de modelo
2212660	2220620	vectorial es el que sigue el concepto llamado T, F y de F para la signación de pesos,
2220620	2226660	que es simplemente el peso de cada uno de los términos se calcula en función del T, F y
2226660	2234940	de F de ese término dentro de la base documentos. Y acá hacemos un ejemploito para
2234940	2242820	fijar bien esos y esos conceptos. Su pongo en sí que tengo un documento que quiero
2242820	2251620	allá al su vector, los términos son a B, C, ese documento, el término A parece
2251620	2260260	reveses, el término A parece 2 veces y el término C una vez. Mi base de documentos son
2260260	2269700	10 mil y la cantidad de documentos que contienen a cada uno de los términos son a 50 de
2269700	2275580	esos 10 mil a 50 documentos que contienen el término A, hay 1.300 que contienen el término
2275580	2281500	B y hay 250 que contienen el término C. Entonces, para allá del vector,
2281700	2290820	ha sociado al documento este del primero a todos, lo que hacemos es calcular el T, F y D, F para
2290820	2299140	cada uno de los términos. Entonces, si se acuerdan el T, F, era el F, la cantidad de ocurrencia
2299140	2305540	que aparecía el elemento dividido el máximo de todos los Fs, el máximo de todos los Fs,
2305540	2312540	3, 2, 1, el máximo a 3. Entonces, el T, F, de A, es 3, 3, 1, el T, F, de B, es 2,
2312540	2319540	de B, y el T, F, es 1, de B, y el T, F, era la fórmula que ya lo harino de N, que era la
2319540	2326460	cantidad de documentos de la colección dividido la frecuencia con la cual aparecía dentro
2326460	2333020	de esa colección. Entonces, el IDF del término A es 10.000, el logarismo de 10.000 y
2333020	2347300	de 50, que da 5.300, el logarismo del B, es bueno, la cuenta da 2 y en el caso del C da 3.700.
2347300	2355500	O sea que el vector sería 5.300, 1.300, 1.300, es ese sería el vector asociado al documento
2355500	2369500	que tenemos allá, se entendió. Bien, una vez que tenemos cada documento con sus pesos y
2369500	2374500	la consulta tiene su vector determinado con sus correspondientes de pesos, lo que tenemos
2374500	2382740	que ver ahora es, bueno, la similitud entre cada uno de los documentos y la consulta, como
2382740	2387820	comparamos, ahora la, aquí ya pregunta que le llamamos cuál del C, si es más parecido
2387820	2399060	al uno o al dos. Entonces, esto de la medida de similitud que se introducida por salton,
2399060	2403740	una medida de similitud es una función en realidad que lo que hace, lo que ve es la distancia
2403740	2411780	entre dos sectores, esencialmente eso. Usando este concepto de grado de similitud, yo
2411780	2419760	voy a poder rancar mi, mi todo el documento recuperado en función de un cierto orden y
2419760	2423620	ahí, además, no, de fijar un umbral, pues decir, bueno, aquello que me den por debajo
2423620	2430100	de tanto esos anilos muestros, a los consideros que no son relevantes.
2430100	2439540	Bien, nada, el cálculo de la similitud es la distancia posee entre dos sectores y es el
2439540	2448420	producto de la suma de los productos de los pesos de cada uno de los sectores, sí.
2448420	2457980	¿Por qué es una sumatoria? Entonces, la sumatoria de 1 a n, entonces, uno de esos
2457980	2463900	sumando me va a hacer, entonces, queda el caso del cubo, el primero, no importa con qué, o sea
2463900	2468820	qué, qué es lo que estamos diciendo en el ejemplito, es que la clave va a hacer el término
2468820	2474620	dos, ese es el que me va a decir lo demás en mi interésan. Para esa consulta, el dos es el
2474620	2478860	que me va a determinar, perdón, el tercer término, es el que me va a determinar,
2478860	2484220	si el documento 1 a 1 a 2 es más parecida a la consulta cubo, y lo tengo por ahora.
2484220	2489940	Exacto. En el ejemplo que traeamos hoy 2, 3, 5, 3, 7, 1, cero, cero 2, cuando
2489940	2494340	cae el cubo es la similitud de de 1 con cubo, lo que decíamos reciendo, tu pregunta,
2494340	2500340	2 por cero, 3 por cero, este por este, este por este, este por este, este por este,
2500340	2506620	5 por 10, y este 3 por cero, 7 por cero y 1 por 2, 3 por cero, sí, 2 por cero, 1 por 2,
2506620	2512660	o sea que este video 10 y este video 2, de acá que deducimos, de que de 1, porque es el
2512660	2518660	de mayor grado de similitud, es el más grande, de 1 es más parecido o tiene más de
2518660	2529860	los que yo quiero, con respecto a la consulta cubo. ¿Y es? Ventajas en tose del modelo
2529860	2537860	vectorial. Es simple, no parece ser demasiado complicado, tiene una sólida base matemática,
2537860	2547140	mejora la el tema de la recuperación, gracias a la asignación de los pesos. Considera
2547140	2555660	que tanto ocurrencias locales a al documento como globales a la colección de documentos,
2555660	2563300	lo cual no es una cosa menor. Tá, un documento puede ser recuperado, funciona una coincidencia
2563300	2568780	parcial del tema que hablamos hoy, en el ejemplo de los guaraníes y los charrubas.
2568780	2574540	El lugar de predecir su documento es o no relevante, pero porciones se concepto de grado
2574540	2580580	de relevancia o grado de similitud, los resultados, los puedo devolver ordenados por justamente
2580580	2593540	por esa relevancia y tal, salto un comprobo de que el modelo era igual, no funcionaba.
2593540	2599500	Nosotros maravilloso, acabemos ejemplos.
2599500	2606500	El documento 1, un perrata caúnillo con un virus, documento 2, virus o tal, el perro de un
2606500	2613100	niño. No vean el segundo, vemos el primero.
2613100	2621820	Esos documentos en principio tienen 100% de similitud. Tiene la misma cantidad de, pensamos
2621820	2627700	que la ejemplo es muy trivial, ¿no? Documento que está formando una asurración, pero bueno,
2627700	2634420	el perro a niño y virus, virus, perro y niño, no importa al orden, aparecen las dos con el
2634420	2643260	mismo cozo, en principio, los dos son iguales, y lo voy a decir, a ver un perro ataca
2643260	2649700	a un niño con un virus, el virus es el del niño o el virus es el del perro, virus ataca
2649700	2657500	el perro de un niño, el virus ataca al perro, a casa, ahí sí, no, está más claro.
2657500	2663780	Fíjese que igual tenemos problemas, ¿no? Porque en principio los dos son iguales.
2663780	2672140	¿Aguá, ahí es distinto? Yo estoy tirando los problemas que podemos llegar a tener.
2672140	2675140	Si hubiera un no, tenemos que ver como lo represento.
2675140	2684020	Pero si ya teníamos problemas con el primero, fíjense el segundo, el segundo ejemplo.
2684020	2689500	El banco de la plaza está pintado de rojo, en rojo que gola plaza luego es el banco
2689500	2698940	que gro. De vuelta, estamos, tenemos el problema de en distintos contextos palabras
2698940	2704020	de términos que pueden decir cosas distintas. Entonces, ¿Qué pasa que en el primero
2704020	2710980	por ahí pasa de que los dos, pero en el segundo, no me lo podría debolo a los dos.
2710980	2719540	Y para él, sería lo mismo. Entonces, problemas que tienen sin duda el modelo vectorial
2719540	2726260	es cares de información sintáctica, el orden de las palabras, las relaciones entre los términos,
2726260	2731180	la proximidad, es decir, una palabra un término está más cerca de otro, eso puede ser
2731180	2736820	importante y yo no lo puedo reflejar aquí. Por lo menos, con lo que estamos viendo,
2736820	2745180	¿no? El ejemplo recién que decíamos el banco, existencia de ambiguidad semántica,
2745180	2749220	un mismo término puede tener distintos distintas definiciones, distintos conceptos.
2749300	2757980	Y no, y no era la sinonemia. No hay nada que, eso que se, en el caso anterior, perro
2757980	2763620	y podría haber otro lado de can, y en realidad estamos hablando de también el mismo animal,
2763620	2772300	y no me lo reconoce. Los poderos, sabrá que yo les dije, hoy, al principio les agaba
2772300	2778260	de modelos alternativos, le de haber una uronada red, una uronada les vayecianas, lo que hacen
2778340	2784900	es, en vez de utilizar términos para indicar utiliza conceptos y el tipo hace como una
2784900	2792740	red donde activa los documentos que tengan tal concepto, o sea, trata de manejar, o sea,
2792740	2798620	trabaja con un gráfico y lo que utiliza son conceptos, se ayuda de otras herramientas,
2798620	2812060	a otras, o sea, en vez de, o sea, entre perrican elige uno de ellos y de alguna manera hace
2812060	2820100	que cuando yo diga perro disparé o activé aquellos documentos que hablen de sinonimos, por ejemplo,
2820100	2827420	o sea que las neuronales y las vacaciones en lo mismo, pero con otra función de los pesos,
2827420	2832500	pero los dos tienen la misma idea de manejar conceptos y no, y no termino.
2832500	2838860	¿Sentendió el modelo vectorial?
2838860	2849180	Bien, y algo del modelo probabilístico fue un nuevo paradigma teórico para los sistemas de recuperación
2849180	2855140	de información en la década de 70, fíjense que salta una pareció con el, con el vectorial
2855140	2865220	en la fina de los 60, acá a una de las, de las autoras, de las actores, de los investigadores
2865220	2873740	principales, es parchons, fuera una de las canens, es parchons, bueno, así era de colorado,
2873740	2882140	bueno, de qué universidad era, es el que, la que, la que piso investigar hay más,
2882140	2886900	está culpar, también hay otros otros autores más, pero parchons es de las más reconocidas
2886900	2893300	que trabajaban sobre el modelo probabilístico, y el problema es de este modelo que
2893300	2900060	en teoría está bueno, es que presupone la existencia de que existe un conjunto ideal de
2900060	2908220	documentos relevantes, o sea que parte de una suposición y le asigne una probabilidad
2908220	2915540	de que existe el conjunto óptimo que me resuelve tal consulta, entonces la, la, la,
2915540	2920600	tira la, va, el tipo de afaccionado, va, tira la consulta, la compara con ese conjunto
2920600	2926600	óptimo y si no le da, trata de reformular, o sea lo que es lo que sí es importante que
2926600	2933380	introduce el modelo probabilístico es el concepto de relevancia fíjbal, es decir,
2933380	2939040	interacción con el usuario, te devuelvo esto y si no es igual a lo que yo quiero reformulo
2939040	2946120	cambio y largo de vuelta, lo crítico es determinar las propiedades que marca la relevancia
2946120	2951960	de un conjunto ideal, ok, lograr una aproximación al conjunto de probabilidades a parte
2951960	2957160	de una suposición y dicen las propiedades, e ir refinando con el usuario luego de la consulta,
2958080	2968560	esencialmente el, el, el problema sustancial es que es como raro, yo sé, yo sé de ante mano
2968560	2974380	cuál es mi conjunto óptimo, con cierta probabilidad y una vista, y si ya sé con
2974380	2983000	junto óptimo para que lo va, bueno, fin, pero está, nada, cada, simplemente una idea, una
2983000	2987880	definición muy básica de probabilidad, la probabilidad p de aparición de un suceso es en total
2987880	2993240	de enecasos posibles igualmente, factibles del cociente entre el número de ocurrencias
2993240	3000720	hacha, he dicho suceso, entre la cantidad total de casos, bueno, esto es repasito fácil,
3000720	3007000	pero bueno, el objetivo es, es lo que decíamos tratar de reformular la consulta,
3007000	3014380	sucesivamente utilizando ponderación de términos, es decir, cambiar, modificar la
3014380	3021920	asignación de los pesos a los términos de la, o sea, lo que se cambiera consulta, ¿no?
3021920	3025100	¿Cuál es suelo problemas? Bueno, dado una consulta cuyo y un documento de jota de la
3025100	3029400	colección, el modelo probabilístico estima la probabilidad, de que el documento de jota
3029400	3035040	se relevante para el usuario, el modelo assume que esta probabilidad de relevancia depende
3035040	3043080	sólo del documento de la condensulta, y para mí, la mayor dificultad es que assume que hay
3043080	3049440	un conjunto r de documentos que el usuario prefiere como respuesta a la consulta cu,
3049440	3055480	o sea, assume que si te se conjunto r y trato de llegar a él, temas que parte de la base
3055480	3062680	que ya lo tengo, entonces es como raro, bueno, lo que plantea es una simplificación
3062680	3067600	muy sencilla que pone en 0 y 1, a los términos de la consulta para arrancar, y bueno,
3067600	3076320	y es función de eso después va cambiando, y la similitud entre un documento de jota y la
3076320	3083560	consulta, ahí usa a valles, la formula de valles, r, el conjunto de documentos conocidos,
3083560	3093760	o inicialmente supuestos como relevantes, y a reprima es el noto, el opuesto, el complemento,
3093760	3111200	y si la probabilidad de los de los documentos de jota, el conjunto de documentos relevantes para
3111200	3117080	la consulta cu y la probabilidad de que el documento de jota no sea relevante a la consulta
3117080	3122760	cu, o sea que esté en el conjunto de los arreprimas, la similitud se definen entonces,
3122760	3130560	la similitud en el conjunto en el modelo vectorial, la definen como la probabilidad
3130560	3137120	condicional, esa que si operamos y jugamos un poquito con valles, me da que la probabilidad
3137120	3146400	de jota, dado r, sobre la probabilidad de jota, dado a reprima, igual, está más.
3146400	3152400	Ventajas, por ahí decía la asignación de los pesos a los términos, no me queda tan
3152400	3158740	claro, claro, arranca con 0 y 1, entonces por ese lado, muy sencillo, lo que si está
3158740	3164480	bueno es la idea de esa de interacción con el usuario, que el usuario trata de refinar
3164480	3176640	la consulta, y que ordena la función arranquina en base a las probabilidades, contrasta,
3176640	3184800	no toma en cuenta que se que no hable paranada del DF, no de la frecuencia del término,
3184800	3191160	no toma en cuenta todos los elementos del documento, asume independencia de en los términos,
3191160	3197080	necesita una hipótes para mí en la clave esto, necesito una hipótesis inicial que no siempre
3197080	3205600	es certada de cuál es el conjunto R del documento relevante, como puede ser el R de partida,
3205600	3215600	y bueno, claramente es poquitito y otro definitivo por resultados, se entendió la idea de
3215600	3229480	modelos, bueno, ahora veamos por qué estamos hablando de este tema en el curso de
3229480	3238680	intero pelégenes, problema como es este que tenemos acá, ejemplo muy clásico, este ejemplo
3238680	3246800	se lo había a esa ya, es un chileno que trabaja en Yahoo, no de los padres contemporáneos
3246800	3253820	de información humanicia y el protribal, consulta de refría y el documento habla de la
3253820	3263320	crisis de lo misiles cubanos, el sistema no tiene ni idea de que estas dos son parecidos,
3263320	3269040	que estas dos cosas están relacionadas a priori, no tendría por qué saber que esas cosas
3269040	3277240	están conceptualmente el sistema no lo considera porque no maneja esas cosas, es más,
3277240	3281600	capaz que si yo largo guerra fría el tipo me va a hablar de me va a devolver cosas
3281600	3291640	de la deera, yo que se invierno, porque es más parecido e intuitivamente fría, entonces
3291640	3297160	es bueno nada, en la solución a este tipo de problemas o lo que se empieza a incorporar
3297160	3304240	es hacer análisis lingüístico, entonces cosas que han estado viendo en el curso, como
3304240	3311960	el de matización, el estíming, tratar de reducir los términos a la raíz, el etiquetado
3311960	3317640	cosa de poder distinguir si es un verbo, un sustantivo, encar militar, yo que se no,
3317640	3322880	verbo o sustantivo, entonces no es lo mismo ese término, en una consulta o en un documento
3322880	3331920	o sea que es importante el tag que edifique, por ejemplo, la categoría de cada una
3331920	3339560	las palabras, detectar frases comunes, el ejemplo de Garrafría y lo visiles cubanos,
3339560	3349200	la ayuda de tesauros, bien tesauros y el concepto de tesauros lo manejaron, es como, pero
3349200	3353560	no es un diccionario que tiene mucha más información, no solamente de la definición,
3353560	3359240	sino de relaciones entre los términos y piperónimos o ponimos este como el por ejemplo
3359320	3369200	Hornet, exacto, entonces herramientas como el uso de tesauros nos ayudan, también el uso
3369200	3376280	de la estructura del texto, es decir, si un término aparece en un título, se ha dituido
3376280	3385000	primer parra o abajo, en fin, si yo tengo información de ese documento, si es de un título,
3385000	3390080	si es un parra o si está abajo, si está en el medio, eso me puede ayudar a mi a orientar
3390080	3396320	a la hora de asignar pesos o saber si interminos más relevante o no más importante o
3396320	3406120	no, para identificar un documento, ok, bueno, volvemos entonces al tema de recuperación
3406120	3413760	información, para hablar de bueno, ¿cómo evaluamos un sistema? ¿Cómo sabemos si está
3413760	3422400	bueno o malo? Si me devuelve lo que yo quiero, no me devuelve lo que yo quiero, como se hace
3422400	3429680	para todos los documentos contra todos en resí, hasta donde miro en la lista de documentos
3429680	3436520	relevantes, eso que costo tiene es posible, no es posible, la lista es además de los
3436520	3446520	documentos, puede cambiar con el tiempo, es algo muy dinámico, no es lo mismo que yo
3446520	3452400	ahora una consulta sobre los documentos que hablen del presidente del Uruguay, ahora que
3452400	3457240	hace tres años los documentos que me devuelve son otros, si entiene que ver con lo de
3457240	3463680	la actualidad de los sistemas de información que hablamos al principio, ok, entonces la evaluación
3463680	3466640	no es una cosa, lo que quiero decir, lo que quiero transmitir con esto es que la evaluación
3466640	3473800	es una cosa fija, sino que puede cambiar en función de varios factores, ok, y una
3473800	3481440	cosa importante, muchas de estas cosas tienen un componente humano, entonces lo que decíamos
3481440	3486880	es, creo que pusimos un ejemplo, por ahí un documento para mí es importante y es relevante,
3486880	3493640	pero para que él no, entonces pueda haber distintos criterios para los evaluadores de un
3493640	3501800	mismo sistema, así como probablemente lo hayan comentado en el curso, cuando yo quiero
3501800	3507120	este trabajo con un cuerpo, si quiero etiquetar los rotulados de una manera, por ahí dos
3507120	3516860	no no ponemos de acuerdo, ¿no?, ¿no?, ¿no?, ¿con qué peso le da un fin, un factor humano
3516860	3525720	sigue siendo importante y claro dentro de todo esto por suerte, bien, bueno, ¿qué significa
3525720	3531360	este término de relevancia que hemos estado hablando? En recuperación de información,
3531360	3536560	la relevante es importante destacado, pero en recuperación de información, un documento
3536560	3542800	de relevante y cuando su contenido posee alguna importancia relativada a la consulta,
3542800	3553800	ese es el concepto para mí de relevante, esto había positido de tener 20 años,
3553800	3560360	así, ha sido de las, de las primeras que hicimos cuando dimos, algún curso de cosas
3560360	3568200	detrás de hace muchos años, en mayo no sé si no le hizo dina, te dejo de que, pero
3568200	3576040	estaba arborar, porque en realidad marcalos los problemas o el universo de cosas que surgen
3576040	3581160	al momento de recuperar, no, yo tengo una gran base o un universo de documentos, todo lo
3581160	3588880	que está bien en azul y lo dero de sol los documentos recuperados, pero de acuerdo a mi
3588880	3594160	consulta, los relevantes son las de las estrellitas, entonces, ¿qué es lo que me puede
3594160	3600000	pasar cuando yo la alguna consulta? ¿Qué me quedé claro? ¿Qué haya ausencias, ¿no?,
3600000	3607600	que me falten o que recuperen cosas que no tienen ningún sentido, bueno, le recuperen cosas
3607600	3615440	de la deera cuando había hablado de la guerra fría, ¿no? Entonces, estas son las dos
3615440	3621920	medidas clásicas utilizadas en recuperación de información, que son precisios de recol,
3621920	3626640	que es el cociente entre el preciión documento recuperado relevante sobre la cantidad
3626640	3633160	de documentos recuperados y el ricol en la actualitividad es el cociente entre los documentos
3633160	3637520	recuperados relevantes, o sea, el cociente es el mismo, sobre la cantidad de documentos
3637520	3643800	relevantes, lo ideal es un sistema ideal es que tanto precisión, como recol, sea
3643800	3652720	uno, el ideal lamentablemente en crear, no se da, y uno cuando hace este tipo de sistemas,
3652720	3658680	lo que trata de hacer, bueno, danle más, cuando quiere mejorar la precisión por lo general
3658680	3666600	tende a bajar el ricol, esta es un cuadernito, como está eso, no? Precision y recol,
3666600	3672000	lo ideal es allá, el uno uno, que le ha dosen uno uno, el ricol en uno es casi todos los
3672000	3676880	documentos relevantes de la colección, pero recuperen muchos irrelevantes y en el preciión
3676880	3682880	uno es, puedo cozo documentos relevantes, pero no tengo documentos irrelevantes recuperados,
3682880	3688120	entonces bueno, a veces me pueden quedar muchos documentos afuera, por eso es que se los
3688120	3696560	ricol tampoco es bueno, y uno trata de, bueno, manejar ambas medidas, también la otra
3696560	3704000	es la F, la F es cor, la media F y la media F, la media F que son una ponderación de ambas
3704080	3714120	de la precisión y recol, la media F, la diferencia es que la F es dos por perro y dióperma
3714120	3723400	ser, y la él lo que hace, agrega un factor, un real entre 0 y 1, el beta de ese, que
3723400	3730360	le puede dar más peso a uno o a otro, para la precisión en este caso, para si yo quisiera
3730440	3738520	cambiar algo, la persona esencialmente variante de la cual alternativas a las dos medidas.
3738520	3753160	Entonces, para evaluar un sistema de recuperación, lo que yo necesito es, o sea, yo tengo un conjunto
3753160	3761000	documentos, tengo una consulta, en definitiva lo que yo tengo que hacer es haberse bueno
3761000	3768040	malo, testiarlo contra algo, entonces se fija un conjunto de documentos, un conjunto de
3768040	3773160	consultas, se hace lo que decíamos, hace un rato, un etiquetado humano de cada documento
3773160	3782480	funciono de la consulta, en general son juicio binarios, o no es buena, la consulta y bueno,
3782560	3790040	y lo largo, largo un sistema, o sea, yo pienso un modelo, pienso un sistema, pienso
3790040	3800200	todo el algoritmía, mi función de rán, quinta dotar y lo testeo, tal, la conexión
3800200	3806400	del testeo, conjunto de documentos, un conjunto de consultas, tengo el algoritmo ese
3806400	3815920	medio testeo, y bueno, infusión de eso se evalua. Estas son algunas colecciones de la
3815920	3822240	más usada, fíjense lo que decíamos del principio, estamos hablando todos los conjuntos
3822240	3828400	o estas bases son documentales, están asociados, tienen asociados, un dominio, son
3828400	3836120	particulares en dominio, por eso nos estamos hablando de la web, donde es este heterogénio,
3836120	3851720	y esto es modo referencia, bien, y lo que sea, si quería agregar esto, lo que se hizo fue
3851720	3860840	que se llama las conferencias trick de text retrieval conferencias, que existen desde
3860840	3870920	el año 1992, hasta el día de hoy se sigue naciendo, lo que hacen es involucrar
3871000	3879320	a la academia, a la industria, al gobierno, porque no sé si saben lo que es dar para
3879320	3893160	honest, la sila darpa, es este de pedo, a cualera, dirección, bueno, es el departamento de
3893160	3899440	defensa, de los causunidos, sí, más lejos, no me acuerdo la cíngla cual es, pero es del departamento
3899440	3907280	de defensa de los Estados Unidos, el área tecnológica del departamento de defensa de los
3907280	3916280	Estados Unidos, de hecho fueron los de ahí surge el proyecto Arpanet, que es de alguna manera
3916280	3922320	el precursor de Internet, y o sea, la conferencia cree que la empatricidad por darpa y
3922320	3928640	list que es el instituto de normalización de normas técnicas de los Estados Unidos, como
3928640	3934400	decía, existen desde el 1992, todavía se sigue naciendo, o sea, que lo que hacen es tratar
3934400	3942360	de mejorar eso, tengo una base de documentos, tengo un conjunto de consultas, aganagorismo
3942360	3950040	para ver qué cosas se pueden recuperar, y eso. Esas competencias y sitios se sigue naciendo,
3950040	3955720	creo que el 2016, no sé si ya se hizo, o sea, sí, eso o iba a ser, creo que era en Marila
3955720	3967160	en Estados Unidos. Bien, entonces hablamos de modelos, hablamos de evaluación, brevemente
3967160	3974560	vamos a comentar algo de índices. Recuerdan que cuando planteamos el principio el esquema
3974560	3982640	general de un proceso de recuperación de información, teníamos por acá, teníamos el
3982640	3987200	dibujito de la base de documentos, que se hacían ciertas operaciones sobre esa documentos,
3987200	3993960	y esos documentos se indicaron, entonces bueno, lo que tenemos que pensar es, como es
3993960	4000240	que construimos esos índices para identificar a mis documentos. La estructura más simple es
4000240	4006640	la denominada índices invertidos, que es algo muy trivial, un vocabulario que es un
4006640	4013480	conjunto de términos que aparezcan en el texto, y ha asociado a cada uno de esos términos,
4013480	4019840	como si fuera una raíz de términos, y una lista ha asociado a cada uno de esos elementos
4019840	4027480	de la raíz que tiene los ideas de cada uno de los documentos donde aparece ese término.
4027480	4033120	El esquema de construir de construcción de un índice invertido es algo muy sencillo, tengo
4033120	4038280	el conjunto de documentos hacer índizados, hago una tocanización de esos documentos para
4038280	4047480	los términos, con algún criterio, un índice de sacual, llevo, hago stemming para llevar
4047480	4055160	a la raíz de general, una usa cuatro caráteres, pero podría eventualmente ser más y dar
4055160	4063700	la forma canónica, no, no se había las mayús, cúladas, los infinitios y fin, y genera algo
4063700	4072360	este estilo, vendo a autos y camionetas, entonces, vengo ahí no, ahi no pusieron los 400 del
4072360	4079360	del stemming, pero bueno, el documento de uno de todos los capares en acá, el vendo,
4079360	4084120	deben de vender, aparece solamente en el de uno, auto aparece
4084120	4091060	acá aparecía autos, autos, autos y acá autos, pero
4091060	4094500	sino la forma ganónica, sería autos y aparecen todos esos
4094500	4097300	documentos, se dan importos y están plurales en singular, la lista de
4097300	4102660	posteó la tenia y bueno nada, a partir de este sería la base de
4102660	4108620	índices o sea de documentos indicados y el tipo el algoritmo
4108620	4113420	tiene que tratar de acceder por medio de esos índices, que habitualmente
4113420	4118300	lo sí, el espacio, la estructura de índices es algo así como un 30% de
4118300	4126980	lo que ocupa la base de documental en su totalidad, y un poco lo que
4126980	4130140	decíamos, al momento de general el proceso de indicación hay que
4130140	4135180	hacer esas cosas de análisis lingüísticos, porque hay que hacer
4135180	4138900	transformaciones sobre el texto, eliminar las estopuertos, este
4138900	4142340	poqués a términos, no lo voy a considerar como términos relevantes
4142340	4148940	a la hora de iniciar un documento, llevar a la alema, y hay que hacer,
4148940	4153780	también hacemos lo que hay que hacer una análisis conceptual, es decir,
4153780	4157220	tratar de elegir términos asociados a conceptos, si bien ahí en el
4157220	4163340	ejemplo y no lo hice, es decir, uno podría elegir el concepto
4165700	4169940	empezando en el de auto y camioneta, uno que tuviera por arriba,
4169940	4176500	no sé, algo como, eh, vehículo, al cabéículo, bien, vehículo y en realidad
4176500	4181860	yo lo que ha asoció es tanto auto como camioneta al concepto vehículo,
4181860	4187460	o sea, elegir conceptos más allá de términos, trabajar con grupos
4187460	4194500	nominales, sobre todo, yo me estoy pensando en estado de sitio, frente a
4194500	4198140	amplio, ya conceptos que no sean conceptos y que no sean solamente
4198140	4202140	un término, porque yo lo que voy a estar compuesto por más de una
4202140	4209460	palabra, y es también trabajar sobre reconocimiento de
4209460	4214220	días con nombre, decir, en personas, lugares, organizaciones que podrían
4214220	4226220	ser también elementos a hacer considerados en el índice, sí, bien, entonces hablamos de
4226220	4234260	información retrieval, y otra, otra que anda por ahí es el, el clir, que es
4234260	4242020	lenguaje, el clir cross language y información retrieval, que es, que significa,
4242980	4248940	no importa en que esta escrita la, la consulta, a mí dan los documentos que
4248940	4253580	hablen más allá de la lengua, independientemente del, del idioma en el cual
4253580	4258900	está en escrito los documentos, entonces, este es todo un campo que existe en la
4258900	4263380	recuperación de información, éste, para nada trivial, porque bueno,
4263380	4266940	requieren a lo que vamos a estar viendo, pero fíjense que requieren de mucho
4266940	4272460	trabajo, que van desde corrupos paralelos o, bueno, como, como que lo que
4272460	4279020	tiene que hacer traducirla, como hace para buscar en español, este documentos que
4279020	4282780	en realidad, o sea, voy a regalar la consulta en español, pero te interesan a
4282780	4288340	aquellos documentos que se han relevantes, pero que tiene escrito en inglés,
4288340	4295020	por poner dos lenguas distintas, ¿no? Y bueno, porque surge, nada, porque es
4295020	4302260	mucha información en más del idioma, y ahí interés en realidad de recuperar lo
4302260	4307380	más importante, más allá de la lengua en la cual está escrito, como
4307380	4310980	es, sí, lo para eso, no, para acceder a la mayor cantidad de información, pero
4310980	4316660	también es usada para la traducción de documentos, es decir, yo podría utilizar
4316660	4321740	algunos algoritmos o estrategias en, empleadas en clir para hacer traducción.
4325020	4331220	Y bueno, lo que decía, bueno, la consulta puede estar escrito en la lengua de
4331220	4338940	distintas de los documentos, pero la pregunta es, ¿y qué traduco? Uno puede decir, bueno,
4338940	4344460	lo mejor es traducir la consulta, porque es porque más necesita, pero bueno, capaz
4344460	4350260	que en realidad no de, fíjense que si yo traduco la consulta, yo podría agarrar y traducir
4350260	4357900	al principio, todos los documentos que tengo en mi base documental y eventualmente después
4357900	4362860	en tiene un costo muy grande al principio, pero después, a la hora de la recuperación
4362860	4367980	es bien directa, después era mucho más deficiente, o sea que hay que poner en la balanza
4367980	4373340	en función qué es lo que yo quiero, ahora, qué es lo que lo que me sirve más,
4373340	4380180	ahora, eso lo puedo no hacer en función de los recursos lingüísticos que tenga, debería
4380180	4388500	tener dichonarios, tesaburos, si tengo corpos paralelos o no, que se yo los postadar,
4388500	4394660	fin, depende con la ayuda de eso es que voy a poder elegir uno o otro criterio, y si
4394660	4402700	esto en términos de eficiencia, ¿ok? Y se tendió lo que es el concepto de lo que se
4402700	4409940	clear? En poco, la idea era que simplemente que tuvieran el, el, el, el, el, el concepto
4409940	4417060	para cuando lo, si, si se veíamos adelante, entonces como hacíamos al principio, como
4417060	4423420	como uno esto de recuperación de información, hoy no en los 70 como salton, lo asocia
4423500	4431040	con el, la, con el, con el, con el, con el, de, de, de, de, de, de, de salton y, y, y la,
4431040	4435920	barra de, del, del modelo de, del, del, del, catirá, y del, del, del, del, del, del próbilístico,
4435920	4443060	como que que estaba asociado a un corpus donde, este era muy dependiente del dovinño.
4443060	4449760	Era un corpus acotado, una base homogénea, ya la cosa con la web, descontró la totalmente,
4449760	4456760	porque justamente estamos hablando de un universo, primero que estamos hablando de un universo de información enorme.
4458760	4467760	Yo creo que la verdad es que ni se imaginó más allá de que la teoría sigue siendo la misma,
4468760	4474760	no se imaginó con el auca de internet que va a surgir este tipo de cosas.
4474760	4487760	Algunos son cifras que yo no sabía estar ahí en el año 2012, pero ahí hay ahí un número de lo que se presume que se incrementan por año,
4488760	4490760	lo cual asusta bastante.
4491760	4496760	Más de 600 millones de sitios huevos más de 50 millones se agregan por año,
4496760	4501760	ya que bueno, si esto fue el 2012 y imagínense todo lo que tenemos hoy,
4502760	4506760	más de 100 millones de blog, más de 70 millones de sitios de hecho con borpres,
4507760	4511760	más de 600 mil millones de archivos.
4512760	4520760	Entonces, esto que decíamos hoy, bueno, en la base de documento, metir a los documentos más relevantes,
4521760	4524760	metir a son 10, son 15, son 20, esos plotas.
4524760	4542760	Entonces, lo que se hizo y él no fue el primer buscador.
4543760	4549760	De hecho, uno de los primeros buscadores era altavista y altavista se basaba en el modelo editorial de Salton.
4549760	4557760	Pero claro, como estamos diciendo, estamos hablando de la década de que el principio de la década en 90,
4558760	4563760	con el la UG de Internet, esto que estepinamos siendo creció tanto que, bueno, nada,
4564760	4568760	que el tema de identificar a cada uno de los documentos,
4569760	4572760	esos millones de documentos que existían en Internet,
4572760	4577760	indizados, en fin, todo eso, y hacer todo el cálculo de similitud entre cosas de documento,
4578760	4581760	era se hace tornaba de una inegiciencia terrible.
4582760	4584760	Entonces, bueno, nada, la barra de...
4585760	4587760	¿Cómo es la repéis?
4590760	4597760	Y grae, no, el al otro que es de Google, lo que hicieron fue
4597760	4604760	proponer el uso de clicks como una cerralder de relevancia, la cantidad de clicks que tenía
4605760	4610760	y referencias cruzaba de los documentos y ahí apareció el conocido Space Rank,
4611760	4620760	como algoritmo de muestra de la similitud de una consulta sobre el mundo de lo que es Internet.
4620760	4629760	También hay una gráfica bastante vieja de unos los primeros cursos de información
4630760	4635760	en Retrieval, que bueno, nada, que cuenta lo que es la web,
4636760	4638760	tengo un montón de información que es pública,
4639760	4641760	tengo un montón de información que es dinámica,
4642760	4644760	después aparece cierta información que se mántica,
4645760	4646760	hay cierta información estatica,
4646760	4650760	pero lo curioso de este gráfico,
4651760	4654760	yo no tengo toda la web indicada,
4655760	4658760	es como imposible indicar absolutamente toda la web.
4663760	4668760	Entonces, haciendo hoy como hicimos un cuadro de comparación entre
4669760	4673760	lo que era un sistema de base datos y un sistema de recuperación de información,
4673760	4677760	me parecía que estaba bueno hacer un paralelismo entre lo que es un sistema tradicional
4678760	4681760	de recuperación información y lo que es el sistema de la web.
4682760	4686760	En los RID, tradicionales, los documentos están bajo un dominio,
4687760	4689760	o sea, los documentos son similares en algún sentido,
4690760	4692760	hablan del más o menos lo mismo,
4693760	4696760	en la web tenemos un documento diferente de todo tipo,
4697760	4702760	en la RID tradicional existe cierto control terminológico
4703760	4707760	en la web, en la RID tradicional,
4708760	4709760	la interfaz de consulta,
4710760	4712760	yo hago un sistema que utiliza tal modelo,
4713760	4716760	lo que sea, como he contado ya sin un sistema de biblioteca,
4717760	4718760	la interfaz es única.
4719760	4721760	En la web, yo tengo depende del buscador que yo tenga,
4722760	4723760	tengo interfaz de distintas,
4724760	4726760	o sea que no hay una mujerización de sentido,
4727760	4730760	el conjunto de documentos en la recuperación información
4730760	4733760	es bastante stable, más allá que yo pueda agregar
4734760	4735760	algún documento a la colección,
4736760	4737760	lo cual tendría que indicar lo que es yo,
4738760	4739760	pero es más o menos estable,
4740760	4741760	acá, por lo que decíamos recién,
4742760	4744760	hay una volatilidad enorme.
4745760	4748760	Si el volumen de información en un sistema tradicional
4749760	4752760	es grande, como veo un marcado hoy en el cuadro
4753760	4756760	que comparaba con los sistemas de gestión de base de datos,
4756760	4760760	acá es enorme, por poner otro objetivo, otro sustativo.
4761760	4764760	Y bueno, nada, algunos desafíos de los buscadores,
4765760	4767760	la calidad en la relevancia de los resultados,
4768760	4771760	ser más o menos eficienten en la búsqueda,
4772760	4775760	la información malestruca, hay en la web información malestrucurada,
4776760	4777760	información redundante,
4778760	4780760	la clave está en tratar de ver cómo el buscador
4781760	4782760	es capaz de filtrar eso,
4782760	4785760	el contenido es muy volatil,
4786760	4787760	hoy está mañana,
4790760	4793760	esto se conoce bastante clave,
4794760	4796760	se lo pueden imaginar, nos conoce a la intención de los usuarios,
4797760	4799760	cuando la ansa la búsqueda,
4800760	4801760	por donde viene,
4803760	4805760	de alguna manera,
4806760	4807760	el tiene identificado cuál es tu perfil,
4808760	4809760	va definiendo tu perfil,
4809760	4812760	y ya te sugiere cosa,
4813760	4815760	cuál es la intención del usuario,
4817760	4818760	bien.
4822760	4823760	Y acá de alguna estadística,
4824760	4825760	me parecía interesante,
4826760	4827760	el 80% de las compartir,
4828760	4830760	el 80% de las consultas no utilizan operadores,
4831760	4832760	ahora cuando pongas ustedes,
4834760	4835760	pongas ustedes,
4835760	4836760	piensa en cuando hace larga,
4837760	4838760	en internet una cosa,
4839760	4840760	nada,
4841760	4842760	una secuencia de palabras,
4843760	4844760	general,
4845760	4847760	el 25% utilizo una palabra
4848760	4849760	y el 50% utiliza dos,
4850760	4851760	ya con eso,
4853760	4855760	el 80% de eso,
4856760	4857760	por ahí, no utiliza realo anfib,
4858760	4859760	no hay retroalimentación,
4860760	4861760	como que,
4862760	4864760	en general le pega
4865760	4866760	en los primeros documentos,
4867760	4868760	además de los primeros documentos,
4869760	4870760	en la primera búsqueda,
4871760	4872760	si no tengo que refinarla y cambiar tal término,
4873760	4874760	en un 80% no,
4875760	4876760	eso lo que decía en las estadísticas.
4878760	4879760	Y bueno,
4880760	4881760	esta es bien interesante,
4882760	4883760	el 85% mira las dos primeras
4884760	4885760	pagina de resultado,
4886760	4888760	más yo creo que sería menos,
4888760	4890760	la gran mayoría mira la,
4891760	4892760	creo que en la primera,
4893760	4894760	sobre todo Google,
4895760	4896760	de pegabas que,
4897760	4899760	a lo que estoy buscando.
4901760	4902760	Yo yo hablaba de,
4903760	4904760	de baesayades,
4905760	4907760	y quise compartir un,
4908760	4909760	una frase del,
4910760	4911760	que es, buscar el agua,
4912760	4913760	no es un problema de recuperar documentos,
4914760	4915760	no,
4916760	4917760	no es documento,
4917760	4925040	lo que nos recuperan la web. Mecanismo para entre las personas y las necesidades
4925040	4929640	que se encuentran detrás de tus objetivos, de decir, como media filosófica la frase
4929640	4937040	no sea, yo lo que busco es un objetivo, sí tengo un objetivo que encontrar y no un documento.
4937040	4941600	Si lo pensamos en lo que deseamos hoy, lo busco información, quiero ver que hay en la
4941600	4947720	vuelta sobre tal tema, no busco un documento específicamente. Y eso es un cambio de paradigma
4947720	4958080	bien importante entre lo que es la RID tradicional y la RID en la web. Bueno, y por último
4958080	4965400	extracción, hablar de extracción de información. El objetivo de extracción de información
4965400	4977680	es obtener la información relevante, ignorar la irrelevante. El proceso tratar de identificar
4977680	4985720	a aquellas partes del documento que yo recuperé las partes importantes o que a mí me interesan
4985720	4993000	del documento y no tener que leer absolutamente todo el documento. Como un desafío,
4993000	5003440	es como un complemento, debería de verse como un complemento a la extracción de información
5004400	5009760	a los sistemas de recuperación de información.
5009760	5015400	Lo tengo por acá, ¿no? La idea es que justamente que se complementen, que yo por un lado
5015400	5020720	tengo un sistema de recuperación de información, que o tenga todo el documento que hablan
5020720	5028520	de lo que yo quiero. Entonces yo tengo un proceso que hace eso, me extrae los documentos
5028520	5033960	y luego un sistema de extracción lo que hace es, extrae y organiza la información que a mí me
5033960	5052640	interesa. Con un todo documento, sistema de información, me extrae aquellos que son
5052680	5057800	revantes, aquellos que me interesa. Luego, los sistemas de extracción de información
5057800	5065280	parten de ese con el colección de documentos y a partir de ahí, o tienen datos.
5065280	5071480	Y vuelvo a hablar del concepto de datos, porque la idea es tratar, si bien, yo lo que
5071480	5080880	tengo es información, yo trato de esos documentos que están ahí expresarlos de alguna
5080880	5092960	forma, que sea posible de ser manipulados por humanos, inclusive, pero por algún sistema
5092960	5101840	más fácil, más sencillo, que en general, uno puede decir una similar a lo que sería
5101840	5108840	una esquema de base de datos. Pero lo que ponía por allá abajo es lo que yo tengo
5108840	5113120	con una plantilla tributo valor, o sea que los sistemas de extracción lo que hacen es trata,
5113120	5119360	yo tengo una plantilla de cuáles son los campos que yo quiero recuperar y en función,
5119360	5125960	mi algoritmo lo que tienen que hacer es extraer del documento y completaba plantilla.
5125960	5134680	Esencialmente, a grandes racos, eso es lo que sería un sistema de extracción de información.
5135600	5141600	Para ejemplo, bien sencillos, si yo tengo un documento, estamos pensando en la medida de
5141600	5149400	facultad, y ya hay que llenar una función de las licencias y que yo hay distintas formas
5149400	5157240	de expresar lo mismo, pero yo lo que me interesa saber es lo que yo quiero saber es,
5157240	5163120	quién es la persona que se va a tomar la licencia, cuánto va a ser la licencia y por
5163120	5169240	qué motivo. Entonces, más allá de como este escrito, el texto que hablen de la licencia de
5169240	5177480	la funcionarios, yo lo único que extraigo de ese documento es nombre motivo y es de
5177480	5182400	ilusación de la licencia. Entonces, acá se conselice en la ventaria el docente Juan Pérez
5182400	5189160	por humes mi estructura a tributo valor, lo que me hace es la plantilla de esa me va a determinar
5189160	5195100	el, una licencia es una terna, forma por nombre, duración y este hipotío. Y lo mismo
5195100	5199800	bueno acá, o sea, esta en escrita de manera distinta, pero yo tengo que tener algoritmo,
5199800	5206280	que de alguna forma extraigan justamente esos términos y llenas de esa estructura.
5208280	5219120	También, al igual que con la strec, con recuperación de información, existían unas conferencias
5219120	5226720	para evaluar algoritmos de destracción de información. Esa se llama en las mucas. Las mesas
5226720	5236740	Andestanding Conference celebradas entre el 87 y el 97, también nuevamente patrocinada por
5236740	5244120	DARPA y el Gobierno de Estados Unidos. Comenzaron este muy cómico porque las primeras mucas
5244120	5251680	en el 87, el dominio eran sobre el terrorismo, o sea, los tipos querían buscar cosas asociadas
5251680	5258320	a terrorismo, lo ya que no se nada de un marino y no se interoce nada, o tiraron. Y bueno,
5258320	5267480	la gente trataba de extraer a ver documentos que hablaron sobre terrorismo. Se les daba,
5267480	5275040	la información que es lo que pretende de no obtener, cuál es la plantilla, lo que decíamos,
5275040	5278960	los atributos que iba a tener la estructura de datos, que iba a tener que completar
5278960	5283720	en función de los documentos. Y bueno, para evaluar sus aban, las medidas que ya habíamos
5283720	5290480	visto para información retribua. No, o sea, precisieron recole medidas. Las mucas dejaron
5290480	5299080	de funcionar en el año 97, pero después se reactivaron otras conferencias en el 2000, que
5299080	5306840	se llaman las ase automáticas contra extracción. Esa también, durante el 2008 y a partir
5306840	5314440	de ahí, fueron sustituidos esas competencias por las tak. Las textes analisis conferencias
5314440	5321840	que se celebran siempre con las conferencias de Natural Language Learning. Las con el
5321840	5329800	LL es donde se hacen estas competencias al día de hoy. Acá me tiene una ciudad positiva
5329800	5334200	sobre corpus, de corpus ya estuvieron hablando, hemos hablado así que las que pasaron
5334200	5343920	mejor rápido, pero las quise poner por las dudas, ya saben lo que es un corpus, como
5343920	5349360	se construye un corpus, recopilación con junto a documentos y hay que definir las características
5349360	5356440	decias, si se escritó oral, si es multilíngo, o es monolíngo, el tipo de texto, si es deprensa,
5356440	5363240	hacia el literario, pues no es lo mismo, podemos hablar de corpus, o ya hablamos en la
5363240	5367640	hueva, hablamos de la heterogeneidad, podemos hablar de corpus sobre un determinado
5367640	5376240	dominio, si está notado, si no está notado, en fin. Nada, y a modo de ejemplo, creo que
5376240	5386560	algunos ya los estuvieron viendo en el curso, yo pensé que estaba poniendo de esto,
5386560	5394840	bueno, rápido, bueno, voy, no terminamos, terminamos. Algunos de los corpus está en inglés,
5394840	5401640	esos son algunos de los más importantes, algunos de los corpus en español, yo quise destacar
5401640	5408840	estos son los conocidos, los de la reala academia, el corpus de Martavis, ancora de este
5408840	5414400	de vervos, y que ni de destacar algunos de los corpus, yo le puse nuestros, porque son generados
5414400	5421840	acá, distingo, porque en general, para todo esto hay muchísimo lo de de haber estado bien
5421840	5427800	en el curso, hay muchísimo, para lindles y para otras lenguas, pero para el español hay poco
5427800	5435320	recursos, y bueno, tratamos nosotros de generar más recursos, entre los cursos que generamos
5435320	5441000	en nuestros trabajos, que muchos surge en proyectos de grado, proyectos de pogrados son
5441000	5446880	el trabajar con nuevos corpus, entonces tenemos un corpus de noticias estradias en la web,
5446880	5454520	es un corpus muy grande, se sigue generando, creo que al día de hoy tiene uno hoy contaban,
5454520	5461400	nosotros ya contaban 1.6 gigas de tamaño, o sea que es un corpus bastante interesante,
5461400	5466880	el corin fue un corpus que surgió en un proyecto que hicimos con la gente del inústica,
5466880	5474720	como más de 10 años, como 15 años, ¿qué pasa? 15 años, pero más de 10 años, y como producto
5474720	5482400	de ese corpus un corpus pequeño, pero lo hicimos está muy bien este etiquetado, trabajamos
5482400	5487480	con la gente del inústica, y bueno, ya estos son corpus que han surgido en este último tiempo
5487480	5494600	en el grupo, el corpus de opiniones, el corpus de eventos, el corpus de expresiones temporales,
5494600	5501240	y hay uno que hizo matías hace poco de la Wikipedia en español que está bastante bueno,
5501240	5507560	que si no sé si tiene entre dos o tres gigas, una cosa así que está ponenta.
5507560	5510560	¿Pero?
5510560	5516880	Sí, no, no, son corpus, yo lo metí dentro de la extracción de información, porque iba a volver
5516880	5521480	a hablar sobre corpus, realidad es, son recursos lingüísticos que tenemos, no sabía
5521480	5526320	de meterlo y lo metí dentro de la extracción de información, pero en realidad no necesariamente
5526320	5532880	algunas cosas así, los hemos usado para hacer sistemas de extracción. Todo eso venía
5532880	5538920	porque, bueno, acá, le focus para la construcción de un sistema de extracción de información
5538920	5547320	o basado en conocimiento lingüístico o sistemas internados automáticamente con el uso
5547320	5555640	de métodos estadísticos, ahí aprendizaje de reglas y utilizando corpus anotado, en fin,
5555640	5561960	son dos tomos de los distintos de construcción de sistema de extracción. Los criterios
5561960	5568400	nuevamente lo mismo, disponibilidad, lo de siempre, si tengo recursos, no tengo recursos,
5568400	5577120	el liquidico, no, posibilidad de escritura de reglas porque, a veces, es un sitio, se supone
5577120	5586000	que esto funcionaba, ¿no? A poca que estaba mal a la verdad, ¿te pide?
5586000	5593280	Y porí le ha de los recursos, ya la posibilidad de escritura de reglas, a veces que,
5593280	5599320	si yo puedo escribir las reglas, eso está bueno, porque soy bien preciso, pero también
5599320	5603160	no me puedo pasar para el otro lado, escribir tantas reglas y luego también particular que,
5603160	5608160	cuando después, este modifico algo, ya no me sirve y tengo que ver una nueva regla que
5608160	5614600	me puede escoger en el lado otro, pero bueno, la parte de reglas es importante, si yo uso
5614600	5621720	aprendizaje automático, el hecho de que tenga datos de entrenamiento es clave, y el tema
5621720	5629600	de performance es otra de las cosas que es importante, a tener en cuenta cuando quiero elegir
5629600	5636600	porque esto era un enfoque basado en reglas o basado en aprendizaje, ¿no?
5636600	5644880	Y ahora sí, para liquidar, es simplemente un ejemplo de lo que queríamos decir con un
5644880	5651400	sistema de extracción de información, esto simplemente un dominio de descripciones de muebles,
5651400	5660440	de reinos, es propiar la total, el ejemplo es un ejemplo real, Montevideo,
5660440	5665120	una fecha, director de registro de propiedad inmueble, el suscrito, escriban a tal, se
5665120	5671400	de la tal y tener decir, yo tengo un documento que me habla de una expropiación, yo lo que
5671400	5677000	tengo que hacer es a mi me dan un conjunto de documentos y me dan una plantilla, pensamos
5677000	5681920	en lo que es como, como yo completo esa plantilla, esa estructura de datos. Entonces,
5681920	5686040	esa plantilla, ¿qué es lo que yo tengo que extraer de los documentos? Un número de referencia,
5686040	5692120	porque todos los documentos deberían tener un número de referencia, una fecha, la descripción,
5692120	5698360	el escribano actuante, para el escribano y la célula y el nombre, el nombre de municipio,
5698360	5703160	la ubicación, el padrón, la dirección, lo que dice que todos estos datos, número
5703160	5711040	de folio, todo eso, aparece en cosas acá, con el escrito con el número tal en la calle
5711040	5716760	Solana Antugna, de esta ciudad, folio tal, es decir, yo tengo determinadas,
5716760	5720640	sistema debería tener determinadas reglas, pues hay que ver como lo hago, se escribo
5720640	5727360	reglas, como que lo hago, para en función de ciertas parámetros, extraer justamente
5727360	5731840	la información de ese texto y completar esa plantilla. Entonces, yo completo esa
5731840	5738600	plantilla, tengo que hacer algoritmos, que completen esa plantilla y nada, acá no se me
5738600	5742760	me mucho, pero en agrita se está lo que justamente los datos que yo tengo que extraer,
5742760	5747320	una fecha, si los documentos no tienen por qué estar todas las fechas en un mismo formato,
5747320	5752320	o sea que tengo que tener, si fueran reglas o metos de aprendizas automáticos, tengo
5752320	5756640	que ver como distín con las fechas, los distín de formato de las fechas, para el número
5756640	5760920	de referencia, si tengo la palabra referencia delante y dos puntitos, o sea en fin, como
5760920	5767360	identifico los nombres propios, lo número por ahí aparece otra fecha más,
5767360	5773560	monte de videos y tengo identificado los lugares, entidades con nombres, las direcciones,
5773560	5780240	y ahí, una vez que corremisitema lo que me tendría que hacer es una planilla con los
5780240	5785600	atributos en cada uno de los, con los valores en cada uno de los atributos.
5786520	5799800	Y bueno, eso es todo, alguna pregunta, fue en medio rapido, ¿puedo ver?
5799800	5821480	Sí, sí, útiliza, exactamente, solar, de si vos, por ejemplo, sí, útiliza, es que en la web índice
5821480	5826600	sinvertidos, yo no sé, hay un curso de, tiene una compañía, la libertad, un curso de
5826600	5835000	detractión de información y información en la web, y ahí está el ley de hip y pero índice
5835000	5841960	sinvertidos, es la forma, por eso de más, lo que se presenta en la forma, el mecanismo,
5841960	5848840	por el cual se indiza los documentos en la web, muchas de esas productos útilizan ese modelo
5848840	5855840	de indización de documentos, ¿sabes?
5855840	5864760	Nos preguntas, bueno, entonces, termino el curso y la semana que viene arrancamos con los
5864760	5867640	con las presentaciones, bueno, gracias.
